101,1,1,1,45,10,6,4,2,3,-1,82,119,315,207,14,-1710,0,2850,2859,605,762,687,844,641.92,889.08,1834
101,1,1,2,40,10,6,4,2,1,-1,40,163,315,266,10,-1784,0,2126,2134,691,390,781,314,723.6,246.03,1109
101,1,1,3,45,10,6,4,1,3,1,26,117,315,211,6,-1626,0,2117,2126,785,612,867,694,881.2,679.8,1100
101,1,1,4,45,10,6,4,2,3,-1,76,140,315,243,6,-1776,0,2101,2109,785,612,867,694,805.29,755.71,1084
101,1,1,5,50,10,6,4,1,4,1,25,149,357,230,6,-1676,0,1901,1909,1132,608,1056,698,1090.7,727.29,884
101,1,1,6,45,10,6,4,2,2,1,66,135,324,268,14,-1784,0,2209,2217,1315,318,1233,236,1241.8,227.24,1192
101,1,1,7,40,10,6,4,2,3,1,34,130,320,199,14,-1717,0,2184,2192,601,765,691,841,674.59,860.43,1167
101,1,1,8,45,10,6,4,2,2,-1,46,135,273,251,10,-1667,0,2409,2417,1225,393,1143,311,1173.6,280.38,1392
101,1,1,9,50,10,6,4,1,3,-1,42,105,310,254,6,-1676,0,2076,2084,788,608,864,698,861.98,699.7,1059
101,1,1,10,40,10,6,4,2,1,-1,40,165,312,234,6,-1692,0,2117,2126,781,465,871,389,827.39,337.35,1100
101,1,1,11,40,10,6,4,2,1,1,40,137,350,256,14,-1742,0,1976,1984,601,315,691,239,691.89,240.06,959
101,1,1,12,40,10,6,4,2,1,1,40,159,301,208,6,-1701,0,1917,1926,781,465,871,389,832.19,343.04,900
101,1,1,13,50,10,6,4,2,1,-1,50,106,348,203,14,-1767,0,2026,2034,608,322,684,232,689.97,237.04,1009
101,1,1,14,40,10,6,4,2,4,1,52,112,270,220,6,-1776,0,2034,2042,1139,615,1049,691,1121.4,776.79,1017
101,1,1,15,50,10,6,4,2,4,1,35,170,305,230,10,-1642,0,2317,2326,1222,683,1146,773,1239.6,852.07,1300
101,1,1,16,40,10,6,4,2,4,1,71,171,286,220,10,-1659,0,2042,2051,1229,690,1139,766,1232.9,877.21,1025
101,1,1,17,50,10,6,4,1,4,-1,50,126,337,230,6,-1709,0,1842,1851,1132,608,1056,698,1115.7,748.39,825
101,1,1,18,50,10,6,4,2,3,1,51,166,310,189,14,-1792,0,2192,2201,608,758,684,848,671.71,858.38,1175
101,1,1,19,40,10,6,4,1,3,1,60,178,320,234,6,-1659,0,2226,2234,781,615,871,691,864.86,698.27,1209
101,1,1,20,50,10,6,4,2,1,-1,50,141,317,193,10,-1684,0,3218,3226,698,397,774,307,537.18,107.02,2201
101,1,1,21,50,10,6,4,2,1,-1,50,124,296,251,6,-1742,0,1901,1909,788,472,864,382,800.48,328.36,884
101,1,1,22,50,10,6,4,2,1,1,50,95,334,194,10,-1626,0,2034,2042,698,397,774,307,647.69,200.34,1017
101,1,1,23,45,10,6,4,2,3,-1,53,130,315,217,10,-1759,0,1992,2001,695,687,777,769,665.95,880.05,975
101,1,1,24,45,10,6,4,2,4,-1,4,112,335,225,14,-1692,0,1951,1959,1315,762,1233,844,1312.7,923.67,934
101,1,1,25,50,10,6,4,2,4,-1,78,153,274,230,14,-1776,0,2042,2051,1312,758,1236,848,1346.3,941.15,1025
101,1,1,26,40,10,6,4,2,3,-1,67,165,320,230,14,-1801,0,1892,1901,601,765,691,841,630.39,912.77,875
101,1,1,27,45,10,6,4,2,4,-1,18,145,327,225,10,-1759,0,1884,1892,1225,687,1143,769,1292.5,918.49,867
101,1,1,28,50,10,6,4,2,2,1,13,130,300,247,14,-1651,0,1867,1876,1312,322,1236,232,1250.5,219.73,850
101,1,1,29,40,10,6,4,1,1,-1,40,173,302,230,6,-1759,0,1709,1717,781,465,871,389,808.17,314.59,692
101,1,1,30,40,10,6,4,2,4,-1,56,105,352,220,14,-1817,0,2184,2192,1319,765,1229,841,1303.1,928.71,1167
101,1,1,31,50,10,6,4,2,1,1,50,106,291,223,6,-1751,0,2059,2067,788,472,864,382,698.62,242.34,1042
101,1,1,32,50,10,6,4,2,2,1,48,130,335,243,10,-1784,0,1817,1826,1222,397,1146,307,1219.7,244.81,800
101,1,1,33,40,10,6,4,2,2,-1,72,140,312,183,14,-1809,0,1917,1926,1319,315,1229,239,1241.8,223.8,900
101,1,1,34,40,10,6,4,1,4,1,6,116,334,220,10,-1626,0,2151,2159,1229,690,1139,766,1158,788.45,1134
101,1,1,35,40,10,6,4,2,2,1,40,140,318,239,14,-1801,0,1942,1951,1319,315,1229,239,1245.1,219.9,925
101,1,1,36,50,10,6,4,1,2,-1,50,130,337,256,14,-1634,0,2067,2076,1312,322,1236,232,1268.2,204.83,1050
101,1,1,37,45,10,6,4,2,4,1,19,167,311,225,6,-1634,0,2267,2276,1135,612,1053,694,1145.5,786.47,1250
101,1,1,38,40,10,6,4,2,4,1,70,108,318,220,14,-1742,0,2367,2376,1319,765,1229,841,1293.5,917.33,1350
101,1,1,39,40,10,6,4,2,4,-1,15,125,321,220,6,-1709,0,2201,2209,1139,615,1049,691,1134.9,792.72,1184
101,1,1,40,40,10,6,4,2,3,-1,26,96,320,252,10,-1634,0,1859,1867,691,690,781,766,746.67,806.66,842
101,1,1,41,40,10,6,4,1,4,1,3,142,347,220,14,-1767,0,2226,2234,1319,765,1229,841,1248.3,863.84,1209
101,1,1,42,50,10,6,4,2,2,-1,77,130,278,212,14,-1792,0,2017,2026,1312,322,1236,232,1295.7,181.56,1000
101,1,1,43,40,10,6,4,2,1,-1,40,145,358,265,14,-1784,0,1934,1942,601,315,691,239,636.16,174.05,917
101,1,1,44,50,10,6,4,2,4,-1,52,109,346,230,10,-1801,0,2051,2059,1222,683,1146,773,1284.8,890.21,1034
101,1,1,45,40,10,6,4,1,2,-1,86,140,276,260,14,-1659,0,1926,1934,1319,315,1229,239,1279.5,179.15,909
101,1,1,46,45,10,6,4,1,2,-1,78,135,333,183,6,-1651,0,1776,1784,1135,468,1053,386,1093.8,345.23,759
101,1,1,47,45,10,6,4,1,2,1,88,135,318,219,6,-1784,0,1784,1792,1135,468,1053,386,1126.4,312.62,767
101,1,1,48,45,10,6,4,2,4,1,48,135,341,225,14,-1759,0,2051,2059,1315,762,1233,844,1288.7,899.65,1034
101,1,1,49,40,10,6,4,1,4,-1,25,140,338,220,6,-1659,0,2101,2109,1139,615,1049,691,1061.9,706.23,1084
101,1,1,50,45,10,6,4,2,1,1,45,133,307,214,10,-1751,0,2034,2042,695,393,777,311,658.26,192.26,1017
101,1,1,51,45,10,6,4,2,4,1,62,114,318,225,10,-1792,0,2242,2251,1225,687,1143,769,1213.7,839.69,1225
101,1,1,52,40,10,6,4,1,2,-1,43,140,329,190,10,-1734,0,1809,1817,1229,390,1139,314,1195.6,246.93,792
101,1,1,53,45,10,6,4,1,4,1,41,162,355,225,6,-1734,0,2059,2067,1135,612,1053,694,1092.6,733.61,1042
101,1,1,54,50,10,6,4,2,3,-1,55,164,310,237,10,-1801,0,2001,2009,698,683,774,773,686.13,847.2,984
101,1,1,55,50,10,6,4,1,4,-1,63,97,339,230,14,-1651,0,2059,2067,1312,758,1236,848,1256,864.87,1042
101,1,1,56,45,10,6,4,2,3,1,28,120,315,246,6,-1776,0,1901,1909,785,612,867,694,814.89,746.11,884
101,1,1,57,50,10,6,4,1,1,1,50,160,320,219,10,-1701,0,1926,1934,698,397,774,307,738.02,276.62,909
101,1,1,58,45,10,6,4,2,3,1,31,172,315,183,10,-1651,0,1809,1817,695,687,777,769,748.59,797.41,792
101,1,1,59,40,10,6,4,1,1,1,40,161,293,250,14,-1792,0,1792,1801,601,315,691,239,728.41,283.3,775
101,1,1,60,50,10,6,4,1,2,-1,15,130,302,246,6,-1759,0,1976,1984,1132,472,1056,382,1095,349.04,959
101,1,1,61,40,10,6,4,1,1,1,40,160,326,240,10,-1701,0,2476,2484,691,390,781,314,767.81,298.38,1459
101,1,1,62,50,10,6,4,1,4,1,87,160,318,230,10,-1717,0,1984,1992,1222,683,1146,773,1156,781.47,967
101,1,1,63,40,10,6,4,1,4,-1,15,146,275,220,14,-1784,0,3068,3076,1319,765,1229,841,1338.6,970.81,2051
101,1,1,64,45,10,6,4,1,3,-1,79,177,315,183,6,-1726,0,1967,1976,785,612,867,694,887.93,673.07,950
101,1,1,65,50,10,6,4,2,2,1,15,130,318,236,6,-1734,0,2234,2242,1132,472,1056,382,1095.6,348.57,1217
101,1,1,66,45,10,6,4,1,2,-1,81,135,336,180,10,-1717,0,1892,1901,1225,393,1143,311,1183,270.98,875
101,1,1,67,40,10,6,4,2,3,1,46,131,320,214,10,-1701,0,1926,1934,691,690,781,766,762.04,788.45,909
101,1,1,68,45,10,6,4,1,1,1,45,106,292,242,6,-1717,0,1700,1709,785,468,867,386,831.23,350.23,684
101,1,1,69,50,10,6,4,2,3,1,17,128,310,239,10,-1659,0,1959,1967,698,683,774,773,733.21,807.44,942
101,1,1,70,50,10,6,4,1,3,-1,80,90,310,229,14,-1742,0,1934,1942,608,758,684,848,679.4,851.88,917
101,1,1,71,40,10,6,4,2,2,-1,74,140,279,194,10,-1759,0,1884,1892,1229,390,1139,314,1170.3,276.94,867
101,1,1,72,50,10,6,4,2,2,-1,67,130,350,209,6,-1809,0,1850,1859,1132,472,1056,382,1145.5,306.39,834
101,1,1,73,50,10,6,4,2,3,1,62,173,310,256,6,-1784,0,2009,2017,788,608,864,698,781.26,767.87,992
101,1,1,74,40,10,6,4,2,4,-1,41,159,283,220,10,-1717,0,1959,1967,1229,690,1139,766,1193.5,830.56,942
101,1,1,75,40,10,6,4,1,3,1,47,123,320,264,10,-1709,0,1851,1859,691,690,781,766,752.43,799.83,834
101,1,1,76,40,10,6,4,2,2,-1,56,140,355,209,6,-1809,0,1876,1884,1139,465,1049,389,1126.7,296.93,859
101,1,1,77,45,10,6,4,2,1,1,45,92,320,198,6,-1626,0,1876,1884,785,468,867,386,746.67,265.67,859
101,1,1,78,50,10,6,4,1,3,1,77,115,310,265,6,-1792,0,1967,1976,788,608,864,698,811.05,742.71,950
101,1,1,79,50,10,6,4,1,3,-1,18,119,310,237,10,-1684,0,1984,1992,698,683,774,773,789.91,759.56,967
101,1,1,80,45,10,6,4,1,4,-1,57,173,329,225,10,-1801,0,1992,2001,1225,687,1143,769,1175.3,801.26,975
101,1,1,81,40,10,6,4,1,1,1,40,93,299,196,6,-1709,0,1742,1750,781,465,871,389,811.05,318.01,725
101,1,1,82,45,10,6,4,1,4,-1,34,137,315,225,14,-1742,0,1926,1934,1315,762,1233,844,1270.4,881.39,909
101,1,1,83,50,10,6,4,1,1,-1,50,142,285,214,14,-1642,0,1859,1867,608,322,684,232,682.28,230.55,842
101,1,1,84,45,10,6,4,2,3,1,27,98,315,241,14,-1701,0,1934,1942,605,762,687,844,631.35,899.65,917
101,1,1,85,45,10,6,4,1,1,-1,45,168,291,225,14,-1734,0,1959,1967,605,318,687,236,653.45,202.45,942
101,1,1,86,50,10,6,4,2,4,1,0,165,270,230,6,-1642,0,1926,1934,1132,608,1056,698,1159.9,785.72,909
101,1,1,87,50,10,6,4,1,2,1,57,130,276,184,6,-1742,0,1776,1784,1132,472,1056,382,1085.7,356.92,759
101,1,1,88,50,10,6,4,1,4,1,74,107,285,230,14,-1692,0,2134,2142,1312,758,1236,848,1227.2,840.52,1117
101,1,1,89,45,10,6,4,2,1,1,45,128,284,233,14,-1742,0,1992,2001,605,318,687,236,623.66,172.66,975
101,1,1,90,40,10,6,4,1,3,-1,18,166,320,259,6,-1626,0,1859,1867,781,615,871,691,861.98,701.68,842
101,1,1,91,45,10,6,4,1,4,1,54,158,321,225,14,-1651,0,2084,2092,1315,762,1233,844,1222.3,833.34,1067
101,1,1,92,50,10,6,4,2,2,-1,63,130,273,252,10,-1709,0,1950,1959,1222,397,1146,307,1216.9,247.13,934
101,1,1,93,45,10,6,4,2,2,1,90,135,301,207,6,-1659,0,1717,1726,1135,468,1053,386,1128.8,310.22,700
101,1,1,94,45,10,6,4,2,2,-1,7,135,297,202,14,-1692,0,1834,1842,1315,318,1233,236,1224.4,244.56,817
101,1,1,95,45,10,6,4,1,4,1,38,97,314,225,10,-1817,0,2167,2176,1225,687,1143,769,1178.1,804.14,1150
101,1,1,96,45,10,6,4,1,1,1,45,111,308,182,10,-1767,0,1842,1851,695,393,777,311,742.82,276.82,825
101,1,1,97,45,10,6,4,2,1,-1,45,109,283,193,14,-1667,0,1942,1951,605,318,687,236,640,189,925
101,1,1,98,50,10,6,4,1,1,1,50,147,296,211,14,-1742,0,1792,1801,608,322,684,232,618.86,176.99,775
101,1,1,99,50,10,6,4,1,1,-1,50,146,352,260,6,-1734,0,1792,1801,788,472,864,382,755.32,290.22,775
101,1,1,100,45,10,6,4,1,2,1,74,135,293,233,14,-1759,0,1909,1917,1315,318,1233,236,1231.6,237.43,892
101,1,1,102,50,10,6,4,1,2,1,8,130,346,225,14,-1651,0,1826,1834,1312,322,1236,232,1241.7,227.18,809
101,1,1,103,40,10,6,4,2,3,-1,42,159,320,253,6,-1651,0,2009,2017,781,615,871,691,645.77,957.72,992
101,1,1,104,40,10,6,4,1,3,-1,23,142,320,201,10,-1659,0,1901,1909,691,690,781,766,699.58,862.42,884
101,1,1,105,45,10,6,4,1,3,1,34,122,315,264,14,-1692,0,1801,1809,605,762,687,844,672.67,858.33,784
101,1,1,106,45,10,6,4,1,1,-1,45,150,346,205,10,-1726,0,1801,1809,695,393,777,311,717.84,251.84,784
101,1,1,107,50,10,6,4,2,1,1,50,122,338,263,14,-1759,0,1959,1967,608,322,684,232,632.31,188.35,942
101,1,1,108,50,10,6,4,1,4,-1,11,114,275,230,10,-1817,0,2101,2109,1222,683,1146,773,1154.1,779.85,1084
101,1,1,109,45,10,6,4,2,1,-1,45,96,337,188,6,-1626,0,1784,1792,785,468,867,386,765.89,284.89,767
101,1,1,110,50,10,6,4,1,3,1,3,164,310,268,14,-1801,0,1767,1776,608,758,684,848,664.98,864.06,750
101,1,1,111,50,10,6,4,1,3,1,36,156,310,239,10,-1734,0,1717,1726,698,683,774,773,708.23,828.54,700
101,1,1,112,50,10,6,4,1,2,-1,69,130,339,258,10,-1634,0,1801,1809,1222,397,1146,307,1224.6,240.63,784
101,1,1,113,45,10,6,4,2,2,1,21,135,327,184,10,-1701,0,1859,1867,1225,393,1143,311,1224.1,229.94,842
101,1,1,114,40,10,6,4,1,2,1,0,140,343,264,6,-1759,0,1650,1659,1139,465,1049,389,1128,295.45,634
101,1,1,115,40,10,6,4,1,1,-1,40,103,304,189,14,-1742,0,1734,1742,601,315,691,239,688.05,235.5,717
101,1,1,116,40,10,6,4,1,1,-1,40,91,281,256,10,-1667,0,1826,1834,691,390,781,314,711.11,231.24,809
101,1,1,117,50,10,6,4,1,2,1,67,130,303,232,10,-1776,0,1951,1959,1222,397,1146,307,1208.1,254.56,934
101,1,1,118,40,10,6,4,1,2,1,88,140,349,260,10,-1759,0,2559,2567,1229,390,1139,314,1136.1,317.48,1542
101,1,1,119,45,10,6,4,1,3,1,61,160,315,254,10,-1617,0,1951,1959,695,687,777,769,790.87,755.13,934
101,1,1,120,40,10,6,4,1,4,1,63,111,349,220,6,-1709,0,1984,1992,1139,615,1049,691,1080.1,727.85,967
101,1,1,121,40,10,6,4,1,3,1,80,96,320,257,14,-1717,0,2142,2151,601,765,691,841,680.36,853.6,1125
101,1,1,122,50,10,6,4,2,4,-1,78,169,341,230,6,-1701,0,2017,2026,1132,608,1056,698,1098.4,733.79,1000
101,1,1,123,40,10,6,4,1,2,-1,61,140,294,186,6,-1792,0,1767,1776,1139,465,1049,389,1085.4,345.93,750
101,1,1,124,45,10,6,4,1,1,-1,45,157,293,257,6,-1667,0,1909,1917,785,468,867,386,830.27,349.27,892
101,1,1,125,45,10,6,4,1,4,-1,30,143,282,225,6,-1626,0,1834,1842,1135,612,1053,694,1109.9,750.91,817
101,1,1,126,45,10,6,4,2,4,-1,69,110,277,225,6,-1734,0,1842,1851,1135,612,1053,694,1164.7,805.68,825
101,1,1,127,50,10,6,4,2,4,1,81,129,324,230,14,-1792,0,1892,1901,1312,758,1236,848,1249.2,859.19,875
101,1,1,128,45,10,6,4,2,1,-1,45,167,304,206,10,-1692,0,1967,1976,695,393,777,311,735.14,269.14,950
101,1,1,129,40,10,6,4,1,3,-1,56,152,320,210,14,-1709,0,2501,2509,601,765,691,841,691.89,839.94,1484
101,1,1,130,45,10,6,4,1,1,1,45,144,310,197,14,-1809,0,1967,1976,605,318,687,236,626.55,175.55,950
101,1,1,131,40,10,6,4,2,1,1,40,120,274,201,10,-1742,0,2326,2334,691,390,781,314,644.8,152.72,1309
101,1,1,132,45,10,6,4,1,2,1,24,135,350,222,10,-1642,0,1851,1859,1225,393,1143,311,1158.3,295.71,834
101,1,1,133,50,10,6,4,2,3,-1,77,163,310,195,6,-1792,0,1967,1976,788,608,864,698,812.01,741.9,950
101,1,1,134,50,10,6,4,2,3,-1,88,96,310,234,14,-1751,0,2142,2151,608,758,684,848,659.22,868.93,1125
101,1,1,135,45,10,6,4,2,2,-1,65,135,301,188,6,-1792,0,1909,1917,1135,468,1053,386,1091.4,347.62,892
101,1,1,136,45,10,6,4,1,3,-1,84,131,315,203,10,-1701,0,1834,1842,695,687,777,769,786.07,759.93,817
101,1,1,137,45,10,6,4,1,2,-1,84,135,320,212,14,-1784,0,1992,2001,1315,318,1233,236,1249.9,219.09,975
101,1,1,138,45,10,6,4,1,3,-1,54,116,315,224,14,-1642,0,1867,1876,605,762,687,844,686.13,844.87,850
101,1,1,139,40,10,6,4,2,2,1,77,140,275,188,6,-1792,0,2076,2084,1139,465,1049,389,1081.6,350.38,1059
101,1,1,140,40,10,6,4,1,2,1,66,140,351,218,14,-1692,0,2109,2117,1319,315,1229,239,1193.3,281.29,1092
101,1,1,141,50,10,6,4,1,1,-1,50,144,320,263,10,-1676,0,1934,1942,698,397,774,307,738.98,277.43,917
101,1,1,142,40,10,6,4,2,2,1,69,140,339,220,10,-1676,0,1934,1942,1229,390,1139,314,1152.1,298.53,917
101,1,1,143,50,10,6,4,1,1,1,50,131,282,267,6,-1767,0,2159,2167,788,472,864,382,818.74,343.78,1142
101,1,1,144,40,10,6,4,2,3,1,29,94,320,228,6,-1759,0,1992,2001,781,615,871,691,806.25,767.68,975
101,1,1,145,40,10,6,4,1,4,-1,73,177,298,220,10,-1809,0,1959,1967,1229,690,1139,766,1169.5,802.11,942
101,2,1,1,45,10,6,4,2,3,-1,38,130,315,191,14,-1701,0,2617,2625,605,762,687,844,656.34,874.66,1601
101,2,1,2,45,10,6,4,2,1,-1,45,92,304,214,14,-1767,0,1851,1859,605,318,687,236,636.16,185.16,834
101,2,1,3,40,10,6,4,1,1,-1,40,178,332,196,14,-1634,0,1809,1817,601,315,691,239,680.36,226.4,792
101,2,1,4,50,10,6,4,2,1,1,50,168,277,244,14,-1684,0,1867,1876,608,322,684,232,592.91,155.08,850
101,2,1,5,40,10,6,4,2,4,1,11,158,356,220,10,-1684,0,1851,1859,1229,690,1139,766,1257.9,906.8,834
101,2,1,6,40,10,6,4,2,1,-1,40,150,342,247,6,-1717,0,1675,1684,781,465,871,389,804.32,310.04,659
101,2,1,7,50,10,6,4,2,4,1,80,143,349,230,10,-1617,0,1809,1817,1222,683,1146,773,1222.3,837.47,792
101,2,1,8,50,10,6,4,1,2,-1,73,130,326,231,14,-1717,0,1892,1901,1312,322,1236,232,1300.7,177.37,875
101,2,1,9,40,10,6,4,2,1,1,40,170,360,254,10,-1634,0,1792,1801,691,390,781,314,698.62,216.44,775
101,2,1,10,40,10,6,4,1,2,-1,84,140,339,267,6,-1667,0,1692,1701,1139,465,1049,389,1115,310.79,675
101,2,1,11,40,10,6,4,1,3,-1,44,119,320,183,6,-1776,0,1734,1742,781,615,871,691,863.9,699.4,717
101,2,1,12,50,10,6,4,2,1,1,50,95,323,265,10,-1817,0,1926,1934,698,397,774,307,657.3,208.45,909
101,2,1,13,45,10,6,4,1,3,-1,28,157,315,197,14,-1801,0,1934,1942,605,762,687,844,661.14,869.86,917
101,2,1,14,40,10,6,4,1,2,1,85,140,339,254,14,-1651,0,1826,1834,1319,315,1229,239,1276.2,183.06,809
101,2,1,15,45,10,6,4,1,4,1,52,102,331,225,6,-1742,0,1784,1792,1135,612,1053,694,1092.6,733.61,767
101,2,1,16,45,10,6,4,1,1,-1,45,171,311,260,10,-1767,0,1826,1834,695,393,777,311,760.12,294.12,809
101,2,1,17,40,10,6,4,1,3,-1,89,170,320,211,10,-1626,0,1767,1776,691,690,781,766,778.38,769.1,750
101,2,1,18,40,10,6,4,2,4,-1,65,166,305,220,14,-1667,0,2067,2076,1319,765,1229,841,1283.8,905.95,1050
101,2,1,19,40,10,6,4,2,1,-1,40,120,348,183,10,-1792,0,1967,1976,691,390,781,314,699.58,217.58,950
101,2,1,20,40,10,6,4,1,1,1,40,105,311,206,10,-1767,0,1801,1809,691,390,781,314,755.32,283.58,784
101,2,1,21,45,10,6,4,2,3,1,46,144,315,207,14,-1709,0,1859,1867,605,762,687,844,670.75,860.25,842
101,2,1,22,45,10,6,4,2,2,-1,26,135,324,190,10,-1734,0,2484,2492,1225,393,1143,311,1229,224.99,1467
101,2,1,23,40,10,6,4,2,3,1,18,165,320,263,14,-1801,0,1917,1926,601,765,691,841,675.56,859.29,900
101,2,1,24,50,10,6,4,1,4,1,83,128,337,230,6,-1751,0,1817,1826,1132,608,1056,698,1094.5,730.54,800
101,2,1,25,45,10,6,4,2,3,-1,48,106,315,181,6,-1734,0,1909,1917,785,612,867,694,833.15,727.85,892
101,2,1,26,50,10,6,4,1,1,1,50,161,286,195,6,-1792,0,1767,1776,788,472,864,382,810.09,336.48,750
101,2,1,27,40,10,6,4,2,3,-1,39,169,320,232,10,-1742,0,1809,1817,691,690,781,766,751.47,800.97,792
101,2,1,28,40,10,6,4,1,4,-1,9,150,348,220,6,-1759,0,1817,1825,1139,615,1049,691,1113.8,767.68,800
101,2,1,29,45,10,6,4,2,3,1,12,172,315,224,6,-1767,0,1859,1867,785,612,867,694,827.39,733.61,842
101,2,1,30,50,10,6,4,2,3,1,53,127,310,270,10,-1684,0,1901,1909,698,683,774,773,758.2,786.34,884
101,2,1,31,50,10,6,4,1,3,1,47,131,310,203,6,-1651,0,1809,1817,788,608,864,698,811.05,742.71,792
101,2,1,32,50,10,6,4,2,1,-1,50,150,316,219,14,-1692,0,1809,1817,608,322,684,232,650.57,203.77,792
101,2,1,33,50,10,6,4,2,3,-1,74,162,310,236,14,-1684,0,1984,1992,608,758,684,848,689.01,843.77,967
101,2,1,34,45,10,6,4,2,4,-1,59,96,338,225,14,-1642,0,1992,2001,1315,762,1233,844,1242.5,853.52,975
101,2,1,35,40,10,6,4,2,1,1,40,106,302,253,14,-1684,0,1826,1834,601,315,691,239,677.48,222.99,809
101,2,1,36,50,10,6,4,1,2,-1,25,130,348,213,6,-1717,0,1717,1725,1132,472,1056,382,1143.9,307.78,700
101,2,1,37,45,10,6,4,2,2,-1,78,135,312,234,14,-1709,0,2017,2026,1315,318,1233,236,1296.8,172.21,1000
101,2,1,38,50,10,6,4,2,4,1,51,94,277,230,6,-1651,0,1834,1842,1132,608,1056,698,1149.3,776.79,817
101,2,1,39,50,10,6,4,1,4,-1,32,107,352,230,6,-1667,0,1801,1809,1132,608,1056,698,1076.3,715.12,784
101,2,1,40,40,10,6,4,2,2,1,36,140,278,204,10,-1792,0,2009,2017,1229,390,1139,314,1235.7,199.54,992
101,2,1,41,45,10,6,4,1,3,1,11,167,315,205,14,-1717,0,2217,2226,605,762,687,844,719.76,811.24,1200
101,2,1,42,45,10,6,4,1,1,-1,45,110,349,188,14,-1759,0,1901,1909,605,318,687,236,687.09,236.09,884
101,2,1,43,45,10,6,4,1,3,-1,58,121,315,201,10,-1792,0,1976,1984,695,687,777,769,713.03,832.97,959
101,2,1,44,45,10,6,4,2,4,-1,47,116,334,225,6,-1776,0,1926,1934,1135,612,1053,694,1185.8,826.83,909
101,2,1,45,50,10,6,4,1,4,1,62,132,279,230,10,-1626,0,1817,1826,1222,683,1146,773,1160.8,785.53,800
101,2,1,46,50,10,6,4,1,2,1,46,130,311,183,6,-1642,0,1701,1709,1132,472,1056,382,1109.3,336.99,684
101,2,1,47,40,10,6,4,2,3,-1,0,142,320,251,14,-1651,0,1817,1826,601,765,691,841,663.06,874.08,800
101,2,1,48,45,10,6,4,1,4,-1,8,147,306,225,10,-1776,0,1742,1751,1225,687,1143,769,1160.8,786.84,725
101,2,1,49,45,10,6,4,1,1,-1,45,169,311,270,6,-1701,0,1742,1750,785,468,867,386,798.56,317.56,725
101,2,1,50,50,10,6,4,1,1,-1,50,137,289,240,10,-1626,0,1892,1901,698,397,774,307,756.28,292.03,875
101,2,1,51,50,10,6,4,2,4,-1,47,166,297,230,14,-1709,0,2101,2109,1312,758,1236,848,1292.5,895.7,1084
101,2,1,52,50,10,6,4,2,2,-1,22,130,310,193,10,-1659,0,1926,1934,1222,397,1146,307,1273.6,199.28,909
101,2,1,53,50,10,6,4,2,2,-1,55,130,343,261,14,-1742,0,1917,1926,1312,322,1236,232,1274.2,199.71,900
101,2,1,54,45,10,6,4,2,2,-1,6,135,291,188,6,-1801,0,2126,2134,1135,468,1053,386,1078.9,360.09,1109
101,2,1,55,45,10,6,4,1,2,1,76,135,357,213,14,-1659,0,2159,2167,1315,318,1233,236,1286.6,182.4,1142
101,2,1,56,50,10,6,4,2,1,-1,50,166,349,188,6,-1701,0,1809,1817,788,472,864,382,701.5,244.78,792
101,2,1,57,50,10,6,4,1,2,1,67,130,308,205,10,-1659,0,1859,1867,1222,397,1146,307,1246,222.51,842
101,2,1,58,40,10,6,4,1,1,1,40,169,303,205,6,-1809,0,2276,2284,781,465,871,389,847.57,361.25,1259
101,2,1,59,40,10,6,4,1,2,1,34,140,312,264,10,-1709,0,1901,1909,1229,390,1139,314,1128.1,326.96,884
101,2,1,60,45,10,6,4,2,1,-1,45,172,319,270,6,-1676,0,1776,1784,785,468,867,386,745.71,264.71,759
101,2,1,61,45,10,6,4,1,4,-1,64,152,304,225,14,-1634,0,1934,1942,1315,762,1233,844,1239.6,850.64,917
101,2,1,62,45,10,6,4,1,2,-1,42,135,344,185,6,-1651,0,2101,2109,1135,468,1053,386,1085.6,353.38,1084
101,2,1,63,50,10,6,4,2,4,-1,89,104,318,230,6,-1751,0,1926,1934,1132,608,1056,698,1213.7,831.16,909
101,2,1,64,45,10,6,4,1,4,-1,54,168,279,225,6,-1617,0,1892,1901,1135,612,1053,694,1085.9,726.89,875
101,2,1,65,45,10,6,4,2,2,1,5,135,354,264,14,-1776,0,1884,1892,1315,318,1233,236,1229,239.98,867
101,2,1,66,45,10,6,4,2,1,-1,45,130,302,194,10,-1634,0,1876,1884,695,393,777,311,703.42,237.42,859
101,2,1,67,45,10,6,4,1,2,-1,5,135,275,192,10,-1642,0,1842,1851,1225,393,1143,311,1187.5,266.53,825
101,2,1,68,40,10,6,4,1,4,1,15,177,356,220,6,-1809,0,2001,2009,1139,615,1049,691,1078.2,725.58,984
101,2,1,69,50,10,6,4,1,2,1,61,130,344,249,14,-1651,0,1867,1876,1312,322,1236,232,1306.8,172.25,850
101,2,1,70,40,10,6,4,2,2,-1,81,140,288,196,6,-1626,0,1901,1909,1139,465,1049,389,1141.8,279.12,884
101,2,1,71,50,10,6,4,2,2,1,69,130,333,228,10,-1767,0,1784,1792,1222,397,1146,307,1212,251.31,767
101,2,1,72,45,10,6,4,1,2,1,24,135,280,249,10,-1767,0,1817,1826,1225,393,1143,311,1178.6,275.43,800
101,2,1,73,50,10,6,4,2,4,-1,26,106,315,230,10,-1684,0,1917,1926,1222,683,1146,773,1252.1,862.62,900
101,2,1,74,45,10,6,4,2,4,1,58,104,283,225,14,-1751,0,1976,1984,1315,762,1233,844,1306.9,917.91,959
101,2,1,75,45,10,6,4,2,1,1,45,132,350,241,10,-1659,0,1901,1909,695,393,777,311,674.59,208.59,884
101,2,1,76,40,10,6,4,1,4,1,62,139,339,220,10,-1817,0,2092,2101,1229,690,1139,766,1158,788.45,1075
101,2,1,77,50,10,6,4,1,1,1,50,149,325,182,10,-1776,0,2376,2384,698,397,774,307,738.02,276.62,1359
101,2,1,78,45,10,6,4,2,3,-1,87,117,315,190,10,-1667,0,2017,2026,695,687,777,769,688.05,857.95,1000
101,2,1,79,40,10,6,4,1,4,1,33,110,276,220,14,-1676,0,2151,2159,1319,765,1229,841,1253.1,869.53,1134
101,2,1,80,40,10,6,4,2,2,-1,20,140,290,181,14,-1801,0,2001,2009,1319,315,1229,239,1317.7,133.95,984
101,2,1,81,45,10,6,4,1,1,1,45,154,308,229,6,-1742,0,1901,1909,785,468,867,386,854.29,373.29,884
101,2,1,82,45,10,6,4,2,2,1,6,135,291,249,6,-1659,0,2209,2217,1135,468,1053,386,1067.4,371.6,1192
101,2,1,83,40,10,6,4,2,2,-1,60,140,272,257,10,-1659,0,2001,2009,1229,390,1139,314,1176.5,269.57,984
101,2,1,84,40,10,6,4,1,1,-1,40,141,352,196,10,-1784,0,1909,1917,691,390,781,314,779.34,312.03,892
101,2,1,85,50,10,6,4,1,3,1,72,177,310,269,10,-1617,0,2001,2009,698,683,774,773,793.75,756.32,984
101,2,1,86,50,10,6,4,1,3,-1,59,115,310,185,14,-1684,0,1801,1809,608,758,684,848,666.91,862.43,784
101,2,1,87,45,10,6,4,2,3,1,89,91,315,201,10,-1734,0,1884,1892,695,687,777,769,743.78,802.22,867
101,2,1,88,50,10,6,4,1,1,-1,50,121,329,202,6,-1792,0,1751,1759,788,472,864,382,820.66,345.4,734
101,2,1,89,45,10,6,4,2,4,1,76,127,300,225,10,-1792,0,1826,1834,1225,687,1143,769,1202.2,828.16,809
101,2,1,90,40,10,6,4,2,4,-1,24,92,329,220,10,-1784,0,1792,1801,1229,690,1139,766,1185.8,821.45,775
101,2,1,91,40,10,6,4,2,2,1,85,140,307,207,14,-1784,0,1876,1884,1319,315,1229,239,1265.9,195.34,859
101,2,1,92,45,10,6,4,1,4,1,48,169,283,225,14,-1742,0,2176,2184,1315,762,1233,844,1292.5,903.49,1159
101,2,1,93,45,10,6,4,1,2,1,58,135,341,201,6,-1709,0,1734,1742,1135,468,1053,386,1112.5,326.53,717
101,2,1,94,45,10,6,4,1,1,1,45,144,297,182,10,-1701,0,1792,1801,695,393,777,311,753.39,287.39,775
101,2,1,95,40,10,6,4,1,3,1,1,165,320,195,10,-1751,0,2009,2017,691,690,781,766,785.11,761.14,992
101,2,1,96,50,10,6,4,2,1,-1,50,136,322,269,10,-1709,0,1934,1942,698,397,774,307,725.53,266.07,917
101,2,1,97,50,10,6,4,2,1,1,50,142,287,253,6,-1784,0,2076,2084,788,472,864,382,826.43,350.27,1059
101,2,1,98,40,10,6,4,1,1,-1,40,151,314,204,6,-1626,0,2026,2034,781,465,871,389,845.65,358.98,1009
101,2,1,99,50,10,6,4,1,2,-1,50,130,334,261,10,-1809,0,1959,1967,1222,397,1146,307,1157.5,297.3,942
101,2,1,100,40,10,6,4,2,4,-1,47,106,295,220,6,-1751,0,1892,1901,1139,615,1049,691,1142.6,801.82,875
101,2,1,101,50,10,6,4,2,4,1,29,113,357,230,14,-1759,0,2076,2084,1312,758,1236,848,1262.7,870.55,1059
101,2,1,102,45,10,6,4,1,4,1,78,134,307,225,10,-1784,0,2226,2234,1225,687,1143,769,1223.3,849.3,1209
101,2,1,103,45,10,6,4,2,1,1,45,131,313,200,6,-1642,0,2101,2109,785,468,867,386,774.53,293.53,1084
101,2,1,104,40,10,6,4,1,3,1,58,122,320,247,14,-1651,0,1834,1842,601,765,691,841,688.05,844.5,817
101,2,1,105,40,10,6,4,2,4,1,88,170,323,220,14,-1659,0,1917,1926,1319,765,1229,841,1263.7,882.05,900
101,2,1,106,50,10,6,4,2,2,1,84,130,285,247,14,-1726,0,2176,2184,1312,322,1236,232,1344.8,140.13,1159
101,2,1,107,45,10,6,4,1,1,1,45,128,308,191,14,-1717,0,2026,2034,605,318,687,236,614.05,163.05,1009
101,2,1,108,40,10,6,4,2,1,1,40,146,288,224,6,-1742,0,1776,1784,781,465,871,389,731.29,223.56,759
101,2,1,109,40,10,6,4,2,4,1,23,157,338,220,6,-1742,0,1892,1901,1139,615,1049,691,1148.3,808.65,875
101,2,1,110,50,10,6,4,2,3,1,88,150,310,217,14,-1809,0,1859,1867,608,758,684,848,670.75,859.19,842
101,2,1,111,45,10,6,4,2,4,-1,72,111,335,225,10,-1742,0,1901,1909,1225,687,1143,769,1229.1,855.07,884
101,2,1,112,50,10,6,4,1,4,-1,27,131,347,230,14,-1817,0,2092,2101,1312,758,1236,848,1260.8,868.93,1075
101,2,1,113,40,10,6,4,1,3,1,86,177,320,248,6,-1751,0,1992,2001,781,615,871,691,849.49,716.47,975
101,2,1,114,50,10,6,4,1,4,1,31,134,303,230,14,-1776,0,2026,2034,1312,758,1236,848,1269.4,876.23,1009
101,2,1,115,45,10,6,4,1,3,1,41,111,315,256,6,-1742,0,1792,1801,785,612,867,694,837,724,775
101,2,1,116,40,10,6,4,1,2,-1,54,140,303,186,14,-1751,0,1826,1834,1319,315,1229,239,1260.2,202.04,809
101,2,1,117,50,10,6,4,1,3,-1,79,140,310,197,6,-1751,0,1901,1909,788,608,864,698,837,720.8,884
101,2,1,118,40,10,6,4,1,2,1,87,140,316,193,6,-1776,0,1784,1792,1139,465,1049,389,1122.6,301.88,767
101,2,1,119,40,10,6,4,2,3,1,20,157,320,266,6,-1651,0,1742,1750,781,615,871,691,778.38,800.68,725
101,2,1,120,45,10,6,4,1,2,-1,48,135,348,193,14,-1684,0,1959,1967,1315,318,1233,236,1294.8,174.25,942
101,2,1,121,40,10,6,4,2,3,-1,44,92,320,185,6,-1634,0,2101,2109,781,615,871,691,738.98,847.34,1084
101,2,1,122,45,10,6,4,1,3,-1,19,119,315,247,6,-1651,0,1792,1801,785,612,867,694,816.82,744.18,775
101,2,1,123,40,10,6,4,2,3,1,52,167,320,226,10,-1667,0,1792,1801,691,690,781,766,731.29,824.87,775
101,2,1,124,45,10,6,4,2,2,1,45,135,310,243,10,-1792,0,1776,1784,1225,393,1143,311,1230.5,223.51,759
101,2,1,125,40,10,6,4,1,3,-1,37,115,320,190,14,-1701,0,1826,1834,601,765,691,841,661.14,876.36,809
101,2,1,126,50,10,6,4,2,3,-1,81,101,310,191,10,-1759,0,1776,1784,698,683,774,773,717.84,820.43,759
101,2,1,127,50,10,6,4,2,3,-1,18,115,310,263,6,-1726,0,1784,1792,788,608,864,698,725.53,814.93,767
101,2,1,128,40,10,6,4,1,1,1,40,170,325,216,14,-1642,0,1826,1834,601,315,691,239,651.53,192.26,809
101,2,1,129,40,10,6,4,1,2,-1,72,140,322,237,10,-1617,0,1817,1826,1229,390,1139,314,1220.1,217.97,800
101,2,1,130,45,10,6,4,2,1,1,45,95,350,195,14,-1734,0,1934,1942,605,318,687,236,631.35,180.35,917
101,2,1,131,50,10,6,4,2,2,-1,4,130,311,260,6,-1626,0,2384,2392,1132,472,1056,382,1157.6,296.2,1367
101,2,1,132,50,10,6,4,2,2,1,46,130,355,237,6,-1751,0,1801,1809,1132,472,1056,382,1128,321.23,784
101,2,1,133,50,10,6,4,1,1,-1,50,100,358,219,14,-1642,0,1867,1876,608,322,684,232,718.8,261.39,850
101,2,1,134,40,10,6,4,1,4,-1,66,142,275,220,10,-1751,0,1767,1775,1229,690,1139,766,1151.2,780.48,750
101,2,1,135,50,10,6,4,1,4,-1,34,101,300,230,10,-1751,0,1792,1801,1222,683,1146,773,1190.6,810.69,775
101,2,1,136,50,10,6,4,1,3,-1,49,128,310,214,10,-1784,0,1759,1767,698,683,774,773,760.12,784.72,742
101,2,1,137,40,10,6,4,1,4,-1,8,166,320,220,14,-1809,0,2009,2017,1319,765,1229,841,1290.6,913.91,992
101,2,1,138,45,10,6,4,2,4,1,47,167,336,225,6,-1751,0,2167,2176,1135,612,1053,694,1116.6,757.64,1150
101,2,1,139,50,10,6,4,2,3,1,54,167,310,245,6,-1767,0,2126,2134,788,608,864,698,816.82,737.84,1109
101,2,1,140,45,10,6,4,1,3,1,34,109,315,219,10,-1651,0,1784,1792,695,687,777,769,786.07,759.93,767
101,2,1,141,40,10,6,4,2,2,1,64,140,345,225,6,-1734,0,1759,1767,1139,465,1049,389,1130.9,291.98,742
101,2,1,142,50,10,6,4,1,1,1,50,111,326,246,14,-1667,0,2176,2184,608,322,684,232,649.61,202.96,1159
101,2,1,143,50,10,6,4,1,3,1,9,163,310,230,14,-1651,0,1876,1884,608,758,684,848,663.06,865.68,859
101,2,1,144,40,10,6,4,2,1,-1,40,158,334,243,14,-1667,0,1851,1859,601,315,691,239,653.45,194.54,834
102,1,1,1,40,10,6,4,1,3,-1,44,119,320,183,5,-1793,0,2292,2300,803,596,893,672,886.97,679.14,1267
102,1,1,2,50,10,6,4,2,4,-1,72,111,335,230,10,-1751,0,1909,1917,1222,683,1146,773,1263.7,872.36,892
102,1,1,3,50,10,6,4,1,1,1,50,128,308,191,20,-1717,0,1976,1984,474,209,550,119,517.96,91.94,959
102,1,1,4,40,10,6,4,2,4,1,11,158,356,220,10,-1684,0,1784,1792,1229,690,1139,766,1168.5,800.97,767
102,1,1,5,50,10,6,4,1,2,-1,5,130,275,192,10,-1642,0,1826,1834,1222,397,1146,307,1211.4,251.78,809
102,1,1,6,50,10,6,4,2,3,1,12,172,310,224,5,-1767,0,1834,1842,810,589,886,679,806.25,746.35,817
102,1,1,7,40,10,6,4,2,3,-1,39,169,320,232,10,-1742,0,1709,1717,691,690,781,766,774.53,773.66,692
102,1,1,8,50,10,6,4,2,3,-1,48,106,310,181,5,-1734,0,2209,2217,810,589,886,679,845.65,713.08,1192
102,1,1,9,40,10,6,4,1,4,1,15,177,356,220,5,-1809,0,1876,1884,1117,596,1027,672,1058,708.73,859
102,1,1,10,40,10,6,4,1,3,1,58,122,320,247,20,-1651,0,2026,2034,467,878,557,954,554.47,956.99,1009
102,1,1,11,50,10,6,4,2,4,1,76,127,300,230,10,-1792,0,1909,1917,1222,683,1146,773,1263.7,872.36,892
102,1,1,12,40,10,6,4,1,4,1,62,139,339,220,10,-1817,0,2409,2417,1229,690,1139,766,1135.9,762.28,1392
102,1,1,13,40,10,6,4,2,3,-1,44,92,320,185,5,-1634,0,1767,1776,803,596,893,672,846.61,726.94,750
102,1,1,14,40,10,6,4,2,3,1,20,157,320,266,5,-1651,0,1717,1726,803,596,893,672,856.22,715.56,700
102,1,1,15,40,10,6,4,2,2,1,64,140,345,225,5,-1734,0,1692,1700,1117,484,1027,408,1060.1,368.8,675
102,1,1,16,50,10,6,4,1,1,-1,50,169,311,270,5,-1701,0,1692,1701,810,491,886,401,850.45,370.98,675
102,1,1,17,50,10,6,4,1,1,-1,50,171,311,260,10,-1767,0,1801,1809,698,397,774,307,746.67,283.92,784
102,1,1,19,50,10,6,4,1,3,1,11,167,310,205,20,-1717,0,1942,1951,474,871,550,961,567.93,945.86,925
102,1,1,20,40,10,6,4,1,3,1,86,177,320,248,5,-1751,0,1842,1851,803,596,893,672,788.95,795.22,825
102,1,1,21,50,10,6,4,2,1,-1,50,172,319,270,5,-1676,0,1675,1684,810,491,886,401,834.11,357.19,659
102,1,1,22,50,10,6,4,1,4,1,78,134,307,230,10,-1784,0,1751,1759,1222,683,1146,773,1187.8,808.25,734
102,1,1,23,40,10,6,4,2,2,-1,60,140,272,257,10,-1659,0,1867,1876,1229,390,1139,314,1245,188.49,850
102,1,1,24,40,10,6,4,1,2,-1,84,140,339,267,5,-1667,0,1934,1942,1117,484,1027,408,1057.2,372.21,917
102,1,1,25,40,10,6,4,1,4,-1,66,142,275,220,10,-1751,0,1784,1792,1229,690,1139,766,1204.1,843.07,767
102,1,1,26,50,10,6,4,1,3,-1,19,119,310,247,5,-1651,0,1559,1567,810,589,886,679,834.11,722.81,542
102,1,1,27,40,10,6,4,2,3,-1,0,142,320,251,20,-1651,0,1992,2001,467,878,557,954,575.62,931.96,975
102,1,1,28,40,10,6,4,2,1,1,40,106,302,253,20,-1684,0,1801,1809,467,202,557,126,541.98,108.22,784
102,1,1,29,50,10,6,4,1,4,-1,8,147,306,230,10,-1767,0,2209,2217,1222,683,1146,773,1172.4,795.27,1192
102,1,1,30,50,10,6,4,1,2,1,24,130,280,249,10,-1767,0,1809,1817,1222,397,1146,307,1173.4,283.83,792
102,1,1,31,50,10,6,4,2,1,1,50,95,350,195,20,-1734,0,1817,1826,474,209,550,119,496.82,74.09,800
102,1,1,32,50,10,6,4,2,2,-1,6,130,291,188,5,-1801,0,1734,1742,1110,491,1034,401,1087.5,355.85,717
102,1,1,33,50,10,6,4,2,1,-1,50,92,304,214,20,-1767,0,1859,1867,474,209,550,119,537.18,108.17,842
102,1,1,34,50,10,6,4,2,2,-1,26,130,324,190,10,-1734,0,1751,1759,1222,397,1146,307,1248.2,220.65,734
102,1,1,35,50,10,6,4,2,3,1,89,91,310,201,10,-1734,0,1817,1826,698,683,774,773,665.95,864.25,800
102,1,1,36,40,10,6,4,2,1,-1,40,158,334,243,20,-1667,0,1884,1892,467,202,557,126,559.28,128.7,867
102,1,1,37,40,10,6,4,2,3,1,18,165,320,263,20,-1801,0,2109,2117,467,878,557,954,574.65,933.09,1092
102,1,1,38,40,10,6,4,2,4,1,88,170,323,220,20,-1659,0,1976,1984,1453,878,1363,954,1383.8,978.61,959
102,1,1,39,40,10,6,4,1,4,-1,8,166,320,220,20,-1809,0,1901,1909,1453,878,1363,954,1420.3,1021.9,884
102,1,1,40,50,10,6,4,1,2,1,76,130,357,213,20,-1659,0,1801,1809,1446,209,1370,119,1456.9,45.64,784
102,1,1,41,40,10,6,4,1,3,-1,89,170,320,211,10,-1626,0,1709,1717,691,690,781,766,681.32,884.04,692
102,1,1,42,50,10,6,4,2,2,1,6,130,291,249,5,-1659,0,1617,1625,1110,491,1034,401,1102.3,343.33,600
102,1,1,43,40,10,6,4,1,2,1,87,140,316,193,5,-1776,0,1701,1709,1117,484,1027,408,1074.1,352.21,684
102,1,1,44,50,10,6,4,1,3,1,41,111,310,256,5,-1742,0,1659,1667,810,589,886,679,745.71,797.47,642
102,1,1,45,40,10,6,4,1,2,1,34,140,312,264,10,-1709,0,1817,1826,1229,390,1139,314,1223.2,214.29,800
102,1,1,46,40,10,6,4,1,4,1,33,110,276,220,20,-1676,0,1801,1809,1453,878,1363,954,1379.9,974.06,784
102,1,1,47,50,10,6,4,2,4,-1,59,96,338,230,20,-1642,0,1934,1942,1446,871,1370,961,1428,1010,917
102,1,1,48,40,10,6,4,2,2,1,36,140,278,204,10,-1792,0,1792,1801,1229,390,1139,314,1247.2,185.85,775
102,1,1,49,40,10,6,4,2,2,1,85,140,307,207,20,-1784,0,1959,1967,1453,202,1363,126,1361.8,127.41,942
102,1,1,50,50,10,6,4,2,4,1,58,104,283,230,20,-1751,0,1876,1884,1446,871,1370,961,1418.4,1001.9,859
102,1,1,51,50,10,6,4,2,3,-1,38,130,310,191,20,-1684,0,1826,1834,474,871,550,961,513.15,992.12,809
102,1,1,52,40,10,6,4,1,2,-1,72,140,322,237,10,-1617,0,1784,1792,1229,390,1139,314,1177.8,267.99,767
102,1,1,53,50,10,6,4,2,2,1,45,130,310,243,10,-1792,0,1734,1742,1222,397,1146,307,1179.5,278.72,717
102,1,1,54,50,10,6,4,2,2,-1,78,130,312,234,20,-1709,0,1784,1792,1446,209,1370,119,1340.5,143.9,767
102,1,1,55,50,10,6,4,2,3,-1,87,117,310,190,10,-1667,0,1834,1842,698,683,774,773,644.8,882.1,817
102,1,1,56,50,10,6,4,1,1,1,50,144,297,182,10,-1701,0,1792,1801,698,397,774,307,735.14,274.18,775
102,1,1,57,50,10,6,4,1,4,1,52,102,331,230,5,-1742,0,1726,1734,1110,589,1034,679,1085.9,722.81,709
102,1,1,58,50,10,6,4,2,4,-1,47,116,334,230,5,-1776,0,1709,1717,1110,589,1034,679,1119.5,751.22,692
102,1,1,59,40,10,6,4,1,3,-1,37,115,320,190,20,-1701,0,1751,1759,467,878,557,954,541.98,971.78,734
102,1,1,60,50,10,6,4,2,1,1,50,132,350,241,10,-1659,0,1792,1801,698,397,774,307,617.9,175.18,775
102,1,1,61,40,10,6,4,2,1,-1,40,150,342,247,5,-1709,0,1784,1792,803,484,893,408,883.12,396.3,767
102,1,1,62,50,10,6,4,2,1,-1,50,130,302,194,10,-1634,0,1776,1784,698,397,774,307,762.04,296.9,759
102,1,1,63,40,10,6,4,2,4,1,23,157,338,220,5,-1742,0,1967,1976,1117,596,1027,672,1113.8,774.73,950
102,1,1,64,40,10,6,4,1,1,-1,40,178,332,196,20,-1634,0,1851,1859,467,202,557,126,570.81,142.35,834
102,1,1,65,40,10,6,4,2,3,1,52,167,320,226,10,-1667,0,1709,1717,691,690,781,766,648.65,922.73,692
102,1,1,66,40,10,6,4,1,1,1,40,169,303,205,5,-1809,0,1859,1867,803,484,893,408,886.01,399.72,842
102,1,1,67,40,10,6,4,1,3,1,1,165,320,195,10,-1751,0,1801,1809,691,690,781,766,738.98,815.76,784
102,1,1,68,40,10,6,4,1,2,-1,54,140,303,186,20,-1751,0,1876,1884,1453,202,1363,126,1362.8,126.2,859
102,1,1,69,50,10,6,4,1,3,-1,58,121,310,201,10,-1792,0,1751,1759,698,683,774,773,729.37,810.69,734
102,1,1,70,50,10,6,4,1,4,1,48,169,283,230,20,-1742,0,1942,1951,1446,871,1370,961,1395.3,982.38,925
102,1,1,71,50,10,6,4,2,3,1,46,144,310,207,20,-1709,0,1959,1967,474,871,550,961,602.52,916.65,942
102,1,1,72,50,10,6,4,1,3,-1,28,157,310,197,20,-1801,0,1859,1867,474,871,550,961,541.98,967.77,842
102,1,1,73,40,10,6,4,1,2,1,85,140,339,254,20,-1651,0,1842,1851,1453,202,1363,126,1383.2,102.05,825
102,1,1,74,40,10,6,4,2,1,-1,40,120,348,183,10,-1792,0,1751,1759,691,390,781,314,693.81,210.75,734
102,1,1,75,40,10,6,4,2,4,-1,24,92,329,220,10,-1784,0,1842,1851,1229,690,1139,766,1252.1,899.97,825
102,1,1,76,50,10,6,4,1,1,1,50,154,308,229,5,-1742,0,1717,1726,810,491,886,401,815.86,341.77,700
102,1,1,77,40,10,6,4,1,1,-1,40,141,352,196,10,-1784,0,1776,1784,691,390,781,314,768.77,299.52,759
102,1,1,78,50,10,6,4,1,2,-1,48,130,348,193,20,-1684,0,1826,1834,1446,209,1370,119,1401.2,92.67,809
102,1,1,79,40,10,6,4,1,1,1,40,170,325,216,20,-1642,0,1901,1909,467,202,557,126,547.75,115.04,884
102,1,1,80,50,10,6,4,1,4,-1,64,152,304,230,20,-1634,0,1859,1867,1446,871,1370,961,1392.4,979.94,842
102,1,1,81,40,10,6,4,2,4,-1,65,166,305,220,20,-1667,0,1826,1834,1453,878,1363,954,1399.2,996.82,809
102,1,1,82,40,10,6,4,2,2,-1,20,140,290,181,20,-1801,0,1792,1801,1453,202,1363,126,1388.8,95.41,775
102,1,1,83,40,10,6,4,2,1,1,40,146,288,224,5,-1742,0,2267,2276,803,484,893,408,846.61,353.06,1250
102,1,1,85,50,10,6,4,1,2,1,58,130,341,201,5,-1709,0,1609,1617,1110,491,1034,401,1065.5,374.41,592
102,1,1,86,50,10,6,4,2,4,1,47,167,336,230,5,-1751,0,1767,1776,1110,589,1034,679,1137.8,766.63,750
102,1,1,88,50,10,6,4,1,1,-1,50,110,349,188,20,-1759,0,1884,1892,474,209,550,119,550.63,119.53,867
102,1,1,89,40,10,6,4,2,4,-1,47,106,295,220,5,-1751,0,1742,1751,1117,596,1027,672,1115.7,777.01,725
102,1,1,90,40,10,6,4,1,4,-1,9,150,348,220,5,-1759,0,1701,1709,1117,596,1027,672,1132,796.36,684
102,1,1,91,50,10,6,4,1,4,-1,54,168,279,230,5,-1617,0,1634,1642,1110,589,1034,679,1076.3,714.7,617
102,1,1,92,40,10,6,4,2,2,-1,81,140,288,196,5,-1626,0,1817,1826,1117,484,1027,408,1059.3,369.78,800
102,1,1,93,50,10,6,4,2,1,1,50,131,313,200,5,-1642,0,1734,1742,810,491,886,401,830.27,353.94,717
102,1,1,94,40,10,6,4,2,1,1,40,170,360,254,10,-1634,0,1817,1825,691,390,781,314,744.74,271.07,800
102,1,1,95,50,10,6,4,1,2,-1,42,130,344,185,5,-1651,0,1742,1751,1110,491,1034,401,1081.4,360.96,725
102,1,1,96,50,10,6,4,1,3,1,34,109,310,219,10,-1651,0,1726,1734,698,683,774,773,741.86,800.14,709
102,1,1,97,40,10,6,4,1,1,-1,40,151,314,204,5,-1626,0,1667,1675,803,484,893,408,857.18,365.58,650
102,1,1,98,50,10,6,4,2,2,1,5,130,354,264,20,-1776,0,1917,1926,1446,209,1370,119,1384.1,107.11,900
102,1,1,99,40,10,6,4,1,1,1,40,105,311,206,10,-1767,0,1859,1867,691,390,781,314,772.61,304.07,842
102,2,1,1,40,10,6,4,1,4,-1,30,162,311,220,6,-1809,0,2383,2392,1139,615,1049,691,1036.9,676.64,1367
102,2,1,2,40,10,6,4,2,2,-1,84,140,305,234,6,-1817,0,2501,2509,1139,465,1049,389,1102.9,325.14,1484
102,2,1,3,40,10,6,4,2,4,1,9,96,300,220,18,-1801,0,1917,1926,1408,840,1318,916,1342.5,944.97,900
102,2,1,4,40,10,6,4,1,1,1,40,133,339,246,6,-1659,0,1842,1851,781,465,871,389,827.39,337.35,825
102,2,1,5,40,10,6,4,2,1,-1,40,105,278,221,6,-1726,0,1726,1734,781,465,871,389,830.27,340.77,709
102,2,1,6,40,10,6,4,1,3,1,39,149,320,222,6,-1626,0,1734,1742,781,615,871,691,865.83,697.13,717
102,2,1,7,40,10,6,4,2,2,1,35,140,296,202,18,-1634,0,2001,2009,1408,240,1318,164,1340.2,137.72,984
102,2,1,8,40,10,6,4,1,1,-1,40,123,348,204,6,-1676,0,1726,1734,781,465,871,389,825.47,335.08,709
102,2,1,9,40,10,6,4,2,3,1,73,90,320,228,18,-1742,0,1842,1851,512,840,602,916,570.81,952.93,825
102,2,1,10,40,10,6,4,2,1,1,40,179,306,255,6,-1626,0,1734,1742,781,465,871,389,796.64,300.94,717
102,2,1,11,40,10,6,4,1,4,1,38,93,281,220,18,-1717,0,1892,1901,1408,840,1318,916,1352.1,956.35,875
102,2,1,12,40,10,6,4,1,3,1,8,112,320,250,18,-1634,0,1801,1809,512,840,602,916,594.83,924.49,784
102,2,1,13,40,10,6,4,2,1,1,40,116,326,253,18,-1626,0,1801,1809,512,240,602,164,626.55,193.07,784
102,2,1,14,40,10,6,4,1,2,-1,88,140,323,207,18,-1634,0,1792,1801,1408,240,1318,164,1296.5,189.51,775
102,2,1,15,40,10,6,4,1,1,-1,40,121,330,253,18,-1717,0,1734,1742,512,240,602,164,626.55,193.07,717
102,2,1,16,40,10,6,4,2,3,-1,6,154,320,222,6,-1776,0,1717,1725,781,615,871,691,794.71,781.34,700
102,2,1,17,40,10,6,4,1,4,1,25,94,358,220,6,-1684,0,1767,1776,1139,615,1049,691,1085.9,734.68,750
102,2,1,18,40,10,6,4,1,1,1,40,165,355,206,18,-1676,0,1817,1826,512,240,602,164,594.83,155.51,800
102,2,1,19,40,10,6,4,1,2,1,26,140,272,184,6,-1817,0,1709,1717,1139,465,1049,389,1088.3,342.46,692
102,2,1,20,40,10,6,4,2,4,-1,62,140,334,220,18,-1784,0,1951,1959,1408,840,1318,916,1363.6,970,934
102,2,1,21,40,10,6,4,1,2,-1,78,140,348,254,6,-1709,0,1959,1967,1139,465,1049,389,1062.8,372.65,942
102,2,1,22,40,10,6,4,2,2,1,31,140,325,252,6,-1659,0,1867,1876,1139,465,1049,389,1074.1,359.29,850
102,2,1,23,40,10,6,4,2,2,-1,40,140,288,236,18,-1784,0,1909,1917,1408,240,1318,164,1308.4,175.38,892
102,2,1,24,40,10,6,4,2,1,-1,40,110,321,206,18,-1726,0,1900,1909,512,240,602,164,582.34,140.72,884
102,2,1,25,40,10,6,4,1,2,1,86,140,286,241,18,-1659,0,1909,1917,1408,240,1318,164,1343.7,133.6,892
102,2,1,26,40,10,6,4,1,4,-1,30,111,335,220,18,-1817,0,1934,1942,1408,840,1318,916,1346.3,949.52,917
102,2,1,27,40,10,6,4,1,3,-1,83,103,320,185,18,-1692,0,1784,1792,512,840,602,916,574.65,948.38,767
102,2,1,28,40,10,6,4,2,4,1,78,140,335,220,6,-1626,0,1834,1842,1139,615,1049,691,1109,761.99,817
102,2,1,29,40,10,6,4,2,3,-1,30,164,320,190,18,-1817,0,1859,1867,512,840,602,916,582.34,939.28,842
102,2,1,30,40,10,6,4,1,3,-1,23,124,320,229,6,-1676,0,1792,1801,781,615,871,691,847.57,718.75,775
102,2,1,31,40,10,6,4,2,3,1,3,102,320,187,6,-1767,0,1742,1751,781,615,871,691,835.08,733.54,725
102,2,1,32,40,10,6,4,2,4,-1,25,112,325,220,6,-1667,0,1759,1767,1139,615,1049,691,1099.3,750.61,742
102,3,1,1,50,10,6,4,2,1,-1,50,137,354,263,6,-1734,0,1833,1842,788,472,864,382,781.26,312.13,817
102,3,1,2,50,10,6,4,1,1,1,50,156,294,202,6,-1759,0,1709,1717,788,472,864,382,816.82,342.16,692
102,3,1,3,50,10,6,4,2,1,1,50,178,294,237,16,-1651,0,1817,1826,564,284,640,194,587.15,149.37,800
102,3,1,4,50,10,6,4,1,2,1,46,130,353,202,16,-1717,0,1817,1826,1356,284,1280,194,1281.9,192.38,800
102,3,1,5,50,10,6,4,1,3,1,52,96,310,190,6,-1759,0,1792,1801,788,608,864,698,805.29,747.58,775
102,3,1,6,50,10,6,4,1,1,-1,50,135,354,200,6,-1651,0,1709,1717,788,472,864,382,810.09,336.48,692
102,3,1,7,50,10,6,4,2,1,-1,50,103,338,205,16,-1817,0,1792,1801,564,284,640,194,646.73,199.68,775
102,3,1,8,50,10,6,4,2,2,-1,38,130,295,206,6,-1642,0,1709,1717,1132,472,1056,382,1146.6,305.47,692
102,3,1,9,50,10,6,4,2,3,-1,32,104,310,256,16,-1634,0,1926,1934,564,796,640,886,586.19,931.44,909
102,3,1,10,50,10,6,4,2,2,-1,29,130,317,224,16,-1626,0,2017,2026,1356,284,1280,194,1312.2,166.82,1000
102,3,1,11,50,10,6,4,1,2,1,31,130,333,202,6,-1634,0,1934,1942,1132,472,1056,382,1080.8,361.09,917
102,3,1,12,50,10,6,4,1,3,-1,75,113,310,199,16,-1751,0,1917,1926,564,796,640,886,576.58,939.56,900
102,3,1,13,50,10,6,4,1,4,-1,63,159,322,230,16,-1667,0,2001,2009,1356,796,1280,886,1318.4,918.46,984
102,3,1,14,50,10,6,4,1,1,1,50,104,344,230,16,-1667,0,1692,1700,564,284,640,194,599.64,159.92,675
102,3,1,15,50,10,6,4,2,3,1,47,136,310,214,6,-1767,0,1776,1784,788,608,864,698,738.98,803.57,759
102,3,1,16,50,10,6,4,1,2,-1,13,130,280,241,16,-1726,0,1809,1817,1356,284,1280,194,1341.3,142.19,792
102,3,1,17,50,10,6,4,1,2,-1,53,130,356,195,6,-1676,0,1951,1959,1132,472,1056,382,1086.2,356.45,934
102,3,1,18,50,10,6,4,1,3,1,5,149,310,233,16,-1701,0,2234,2242,564,796,640,886,613.09,908.72,1217
102,3,1,19,50,10,6,4,1,4,1,10,141,279,230,16,-1801,0,1992,2001,1356,796,1280,886,1282.9,888.43,975
102,3,1,20,50,10,6,4,2,4,1,54,155,335,230,16,-1701,0,1942,1951,1356,796,1280,886,1320.4,920.08,925
102,3,1,21,50,10,6,4,2,2,1,17,130,322,186,16,-1651,0,1959,1967,1356,284,1280,194,1292.9,183.09,942
102,3,1,22,50,10,6,4,1,1,-1,50,147,300,252,16,-1651,0,1926,1934,564,284,640,194,621.74,178.58,909
102,3,1,23,50,10,6,4,2,2,1,35,130,280,235,6,-1684,0,1784,1792,1132,472,1056,382,1101.6,343.48,767
102,3,1,24,50,10,6,4,1,4,1,78,107,293,230,6,-1742,0,1717,1726,1132,608,1056,698,1134.9,764.62,700
102,3,1,25,50,10,6,4,2,4,-1,52,147,275,230,6,-1692,0,1767,1776,1132,608,1056,698,1117.6,750.02,750
102,3,1,26,50,10,6,4,2,3,-1,26,130,310,185,6,-1692,0,1742,1750,788,608,864,698,783.18,766.25,725
102,3,1,27,50,10,6,4,1,3,-1,43,135,310,203,6,-1659,0,1850,1859,788,608,864,698,828.35,728.11,834
102,3,1,28,50,10,6,4,2,3,1,81,164,310,196,16,-1792,0,1876,1884,564,796,640,886,611.17,910.34,859
102,3,1,29,50,10,6,4,2,4,-1,82,173,299,230,16,-1759,0,1826,1834,1356,796,1280,886,1346.3,941.99,809
102,3,1,30,50,10,6,4,1,4,-1,70,148,321,230,6,-1709,0,1909,1917,1132,608,1056,698,1229.1,844.15,892
102,3,1,31,50,10,6,4,2,1,1,50,117,303,216,6,-1717,0,1734,1742,788,472,864,382,711.11,252.89,717
102,3,1,32,50,10,6,4,2,4,1,41,177,321,230,6,-1767,0,1826,1834,1132,608,1056,698,1172.4,796.27,809
102,4,1,1,40,10,6,4,1,3,1,39,108,320,183,16,-1809,0,2300,2309,557,803,647,879,640,887.29,1284
102,4,1,2,40,10,6,4,1,4,1,72,112,308,220,14,-1709,0,1801,1809,1319,765,1229,841,1264.6,883.19,784
102,4,1,3,40,10,6,4,2,3,1,88,148,320,202,16,-1792,0,1926,1934,557,803,647,879,577.54,961.26,909
102,4,1,4,40,10,6,4,2,4,-1,42,162,356,220,14,-1651,0,2084,2092,1319,765,1229,841,1238.7,852.46,1067
102,4,1,5,40,10,6,4,2,3,1,45,174,320,215,14,-1701,0,1784,1792,601,765,691,841,644.8,895.7,767
102,4,1,6,40,10,6,4,2,2,-1,75,140,302,226,16,-1767,0,1842,1851,1363,277,1273,201,1302.1,166.52,825
102,4,1,7,40,10,6,4,2,2,-1,49,140,305,211,14,-1692,0,1767,1776,1319,315,1229,239,1321,130.04,750
102,4,1,8,40,10,6,4,2,3,-1,81,97,320,218,14,-1717,0,1900,1909,601,765,691,841,640.96,900.26,884
102,4,1,9,40,10,6,4,2,1,1,40,169,327,252,14,-1642,0,1901,1909,601,315,691,239,644.8,184.3,884
102,4,1,10,40,10,6,4,2,1,-1,40,98,304,237,16,-1801,0,2051,2059,557,277,647,201,596.76,141.5,1034
102,4,1,11,40,10,6,4,1,2,-1,50,140,289,191,14,-1784,0,1801,1809,1319,315,1229,239,1293.7,162.41,784
102,4,1,12,40,10,6,4,1,2,1,66,140,339,257,14,-1751,0,1825,1834,1319,315,1229,239,1224.4,244.45,809
102,4,1,13,40,10,6,4,1,4,1,26,170,305,220,16,-1734,0,1884,1892,1363,803,1273,879,1316.5,930.53,867
102,4,1,14,40,10,6,4,1,1,1,40,173,275,183,16,-1659,0,1842,1851,557,277,647,201,614.05,161.99,825
102,4,1,15,40,10,6,4,2,4,1,62,139,299,220,16,-1701,0,1809,1817,1363,803,1273,879,1332.8,949.88,792
102,4,1,16,40,10,6,4,1,3,1,77,176,320,182,14,-1734,0,1842,1851,601,765,691,841,600.6,948.05,825
102,4,1,17,40,10,6,4,1,1,1,40,129,344,204,14,-1767,0,1917,1926,601,315,691,239,643.84,183.16,900
102,4,1,18,40,10,6,4,2,4,-1,40,169,277,220,16,-1684,0,1942,1951,1363,803,1273,879,1352.1,972.64,925
102,4,1,19,40,10,6,4,2,3,-1,5,163,320,205,16,-1626,0,1951,1959,557,803,647,879,587.15,949.88,934
102,4,1,20,40,10,6,4,1,3,-1,3,139,320,261,14,-1692,0,1784,1792,601,765,691,841,642.88,897.98,767
102,4,1,21,40,10,6,4,2,1,1,40,136,358,241,16,-1751,0,1676,1684,557,277,647,201,614.05,161.99,659
102,4,1,22,40,10,6,4,2,2,1,43,140,314,196,14,-1809,0,1759,1767,1319,315,1229,239,1259.3,203.15,742
102,4,1,23,40,10,6,4,1,4,-1,74,126,315,220,16,-1801,0,1834,1842,1363,803,1273,879,1306.9,919.15,817
102,4,1,24,40,10,6,4,1,1,-1,40,153,337,263,14,-1759,0,1834,1842,601,315,691,239,639.04,177.47,817
102,4,1,25,40,10,6,4,1,1,-1,40,129,328,202,16,-1809,0,1767,1776,557,277,647,201,653.45,208.64,750
102,4,1,26,40,10,6,4,1,2,1,60,140,343,199,16,-1717,0,1859,1867,1363,277,1273,201,1289.1,181.97,842
102,4,1,27,40,10,6,4,1,2,-1,32,140,282,205,16,-1709,0,1776,1784,1363,277,1273,201,1345.1,115.59,759
102,4,1,28,40,10,6,4,1,3,-1,70,149,320,238,16,-1742,0,1826,1834,557,803,647,879,613.09,919.15,809
102,4,1,29,40,10,6,4,2,4,1,13,179,342,220,14,-1742,0,1867,1876,1319,765,1229,841,1288.7,911.64,850
102,4,1,30,40,10,6,4,2,1,-1,40,146,341,270,14,-1667,0,1817,1826,601,315,691,239,678.44,224.12,800
102,4,1,31,40,10,6,4,1,4,-1,23,107,273,220,14,-1751,0,1834,1842,1319,765,1229,841,1279,900.26,817
102,4,1,32,40,10,6,4,2,2,1,80,140,329,268,16,-1684,0,1767,1775,1363,277,1273,201,1299.7,169.38,750
102,5,1,1,45,10,6,4,1,3,-1,69,112,315,244,16,-1801,0,2283,2292,561,800,643,882,602.52,922.48,1267
102,5,1,2,45,10,6,4,1,4,1,35,146,311,225,6,-1726,0,2226,2234,1135,612,1053,694,1085.9,726.89,1209
102,5,1,3,45,10,6,4,2,4,-1,72,98,310,225,6,-1717,0,2017,2026,1135,612,1053,694,1104.1,745.14,1000
102,5,1,4,45,10,6,4,1,2,1,80,135,292,223,16,-1742,0,1909,1917,1359,280,1277,198,1321.9,153.11,892
102,5,1,5,45,10,6,4,2,3,1,82,157,315,245,6,-1751,0,1867,1876,785,612,867,694,806.25,754.75,850
102,5,1,6,45,10,6,4,1,2,-1,46,135,291,265,16,-1776,0,1934,1942,1359,280,1277,198,1304.4,170.64,917
102,5,1,7,45,10,6,4,2,1,-1,45,116,344,252,16,-1751,0,1767,1776,561,280,643,198,615.02,170.02,750
102,5,1,8,45,10,6,4,1,3,1,66,180,315,210,16,-1784,0,1817,1826,561,800,643,882,625.59,899.41,800
102,5,1,9,45,10,6,4,2,3,-1,12,131,315,216,6,-1692,0,1759,1767,785,612,867,694,741.86,819.14,742
102,5,1,10,45,10,6,4,2,2,-1,56,135,317,198,16,-1676,0,1801,1809,1359,280,1277,198,1302.3,172.7,784
102,5,1,11,45,10,6,4,2,1,-1,45,156,358,214,6,-1634,0,1726,1734,785,468,867,386,797.6,316.6,709
102,5,1,12,45,10,6,4,2,3,1,83,96,315,219,16,-1784,0,1809,1817,561,800,643,882,623.66,901.34,792
102,5,1,13,45,10,6,4,1,3,-1,23,158,315,202,6,-1801,0,1817,1826,785,612,867,694,832.19,728.81,800
102,5,1,14,45,10,6,4,1,4,1,20,171,335,225,16,-1767,0,1859,1867,1359,800,1277,882,1287.7,892.69,842
102,5,1,15,45,10,6,4,1,3,1,28,127,315,198,6,-1709,0,1717,1725,785,612,867,694,834.11,726.89,700
102,5,1,16,45,10,6,4,1,1,1,45,113,286,249,16,-1809,0,1884,1892,561,280,643,198,623.66,178.66,867
102,5,1,17,45,10,6,4,2,1,1,45,109,294,183,6,-1801,0,1809,1817,785,468,867,386,738.02,257.02,792
102,5,1,18,45,10,6,4,1,4,-1,24,170,357,225,6,-1692,0,1942,1951,1135,612,1053,694,1098.4,739.38,925
102,5,1,19,45,10,6,4,2,4,1,17,146,279,225,6,-1801,0,1734,1742,1135,612,1053,694,1118.6,759.56,717
102,5,1,20,45,10,6,4,2,2,-1,56,135,344,241,6,-1642,0,1701,1709,1135,468,1053,386,1127.3,311.66,684
102,5,1,21,45,10,6,4,2,2,1,74,135,305,191,16,-1709,0,1834,1842,1359,280,1277,198,1299.7,175.28,817
102,5,1,22,45,10,6,4,1,1,-1,45,129,360,254,16,-1692,0,1976,1984,561,280,643,198,620.78,175.78,959
102,5,1,23,45,10,6,4,2,4,-1,77,130,331,225,16,-1701,0,1917,1926,1359,800,1277,882,1287.7,892.69,900
102,5,1,24,45,10,6,4,1,4,-1,68,153,342,225,16,-1809,0,1742,1750,1359,800,1277,882,1307.9,912.87,725
102,5,1,25,45,10,6,4,2,2,1,75,135,275,267,6,-1634,0,1851,1859,1135,468,1053,386,1096.7,342.35,834
102,5,1,26,45,10,6,4,1,1,1,45,112,295,239,6,-1617,0,1926,1934,785,468,867,386,824.5,343.5,909
102,5,1,27,45,10,6,4,2,4,1,26,96,348,225,16,-1742,0,2176,2184,1359,800,1277,882,1337.7,942.66,1159
102,5,1,28,45,10,6,4,2,1,1,45,111,283,219,16,-1759,0,1901,1909,561,280,643,198,609.25,164.25,884
102,5,1,29,45,10,6,4,1,2,-1,53,135,283,214,6,-1634,0,1792,1801,1135,468,1053,386,1092.3,346.66,775
102,5,1,30,45,10,6,4,1,1,-1,45,123,352,226,6,-1717,0,1742,1750,785,468,867,386,842.76,361.76,725
102,5,1,31,45,10,6,4,1,2,1,43,135,331,213,6,-1684,0,1784,1792,1135,468,1053,386,1084.7,354.34,767
102,5,1,32,45,10,6,4,2,3,-1,37,163,315,268,16,-1684,0,2042,2051,561,800,643,882,583.3,941.7,1025
